{
  "best": {
    "epoch_f1_at_05": 0.7287037037037036,
    "epoch_f1_at_03": 0.7131944444444445,
    "epoch_f1_at_07": 0.7300925925925925,
    "epoch_mAP": 0.02266431409872965,
    "f1_at_05": 0.7287037037037036,
    "f1_at_03": 0.7131944444444446,
    "f1_at_07": 0.7300925925925926,
    "mAP": 0.0028652394149973853,
    "loss": 0.0011908469758503755
  },
  "last": {
    "epoch_f1_at_05": 0.7284722222222222,
    "epoch_f1_at_03": 0.7261574074074073,
    "epoch_f1_at_07": 0.7254629629629629,
    "epoch_mAP": 0.024110372024577706,
    "f1_at_05": 0.7284722222222222,
    "f1_at_03": 0.7261574074074074,
    "f1_at_07": 0.7254629629629629,
    "mAP": 0.0030783232535720175,
    "loss": 0.0013270008411888936
  },
  "train.23": {
    "epoch_f1_at_05": 0.7287037037037036,
    "epoch_f1_at_03": 0.7131944444444445,
    "epoch_f1_at_07": 0.7300925925925925,
    "epoch_mAP": 0.02266431409872965,
    "f1_at_05": 0.7287037037037036,
    "f1_at_03": 0.7131944444444446,
    "f1_at_07": 0.7300925925925926,
    "mAP": 0.0028652394149973853,
    "loss": 0.0011908469758503755
  },
  "epoch_0": [
    "../out/exp011_010_B3/checkpoints/train.1.pth",
    0.7229166666666667,
    {
      "epoch_f1_at_05": 0.7229166666666667,
      "epoch_f1_at_03": 0.7229166666666667,
      "epoch_f1_at_07": 0.7229166666666667,
      "epoch_mAP": 0.004855339575720461,
      "f1_at_05": 0.7229166666666668,
      "f1_at_03": 0.7229166666666668,
      "f1_at_07": 0.7229166666666668,
      "mAP": 0.0018705119201828622,
      "loss": 0.0012263247939600201
    }
  ],
  "epoch_1": [
    "../out/exp011_010_B3/checkpoints/train.2.pth",
    0.7229166666666667,
    {
      "epoch_f1_at_05": 0.7229166666666667,
      "epoch_f1_at_03": 0.7215277777777778,
      "epoch_f1_at_07": 0.7229166666666667,
      "epoch_mAP": 0.018784027190025688,
      "f1_at_05": 0.7229166666666668,
      "f1_at_03": 0.7215277777777778,
      "f1_at_07": 0.7229166666666668,
      "mAP": 0.002727357260099093,
      "loss": 0.0009846886573794138
    }
  ],
  "epoch_2": [
    "../out/exp011_010_B3/checkpoints/train.3.pth",
    0.7229166666666667,
    {
      "epoch_f1_at_05": 0.7229166666666667,
      "epoch_f1_at_03": 0.7208333333333333,
      "epoch_f1_at_07": 0.7229166666666667,
      "epoch_mAP": 0.023993116950516563,
      "f1_at_05": 0.7229166666666668,
      "f1_at_03": 0.7208333333333333,
      "f1_at_07": 0.7229166666666668,
      "mAP": 0.0028775914642244754,
      "loss": 0.0011170646787586954
    }
  ],
  "epoch_3": [
    "../out/exp011_010_B3/checkpoints/train.4.pth",
    0.7229166666666667,
    {
      "epoch_f1_at_05": 0.7229166666666667,
      "epoch_f1_at_03": 0.694212962962963,
      "epoch_f1_at_07": 0.7229166666666667,
      "epoch_mAP": 0.018428993061731697,
      "f1_at_05": 0.7229166666666667,
      "f1_at_03": 0.694212962962963,
      "f1_at_07": 0.7229166666666668,
      "mAP": 0.0028141843860595627,
      "loss": 0.0011078924899224239
    }
  ],
  "epoch_4": [
    "../out/exp011_010_B3/checkpoints/train.5.pth",
    0.7270833333333333,
    {
      "epoch_f1_at_05": 0.7270833333333333,
      "epoch_f1_at_03": 0.7266203703703703,
      "epoch_f1_at_07": 0.7236111111111111,
      "epoch_mAP": 0.023161128820336697,
      "f1_at_05": 0.7270833333333334,
      "f1_at_03": 0.7266203703703704,
      "f1_at_07": 0.7236111111111112,
      "mAP": 0.002840340422242367,
      "loss": 0.0010613124981319552
    }
  ],
  "epoch_5": [
    "../out/exp011_010_B3/checkpoints/train.6.pth",
    0.7208333333333333,
    {
      "epoch_f1_at_05": 0.7208333333333333,
      "epoch_f1_at_03": 0.7090277777777778,
      "epoch_f1_at_07": 0.7229166666666667,
      "epoch_mAP": 0.023323242085559935,
      "f1_at_05": 0.7208333333333332,
      "f1_at_03": 0.7090277777777778,
      "f1_at_07": 0.7229166666666668,
      "mAP": 0.003007808467452513,
      "loss": 0.0009463489199075776
    }
  ],
  "epoch_6": [
    "../out/exp011_010_B3/checkpoints/train.7.pth",
    0.7226851851851851,
    {
      "epoch_f1_at_05": 0.7226851851851851,
      "epoch_f1_at_03": 0.7159722222222222,
      "epoch_f1_at_07": 0.7229166666666667,
      "epoch_mAP": 0.024691628438974822,
      "f1_at_05": 0.7226851851851851,
      "f1_at_03": 0.7159722222222223,
      "f1_at_07": 0.7229166666666668,
      "mAP": 0.00305396096857403,
      "loss": 0.001000398955890956
    }
  ],
  "epoch_7": [
    "../out/exp011_010_B3/checkpoints/train.8.pth",
    0.7254629629629629,
    {
      "epoch_f1_at_05": 0.7254629629629629,
      "epoch_f1_at_03": 0.7215277777777778,
      "epoch_f1_at_07": 0.7236111111111111,
      "epoch_mAP": 0.028999785195202212,
      "f1_at_05": 0.725462962962963,
      "f1_at_03": 0.7215277777777778,
      "f1_at_07": 0.7236111111111112,
      "mAP": 0.003099202600416523,
      "loss": 0.001046309629001992
    }
  ],
  "epoch_8": [
    "../out/exp011_010_B3/checkpoints/train.9.pth",
    0.7277777777777777,
    {
      "epoch_f1_at_05": 0.7277777777777777,
      "epoch_f1_at_03": 0.7231481481481481,
      "epoch_f1_at_07": 0.7222222222222222,
      "epoch_mAP": 0.029458511807669632,
      "f1_at_05": 0.7277777777777777,
      "f1_at_03": 0.7231481481481482,
      "f1_at_07": 0.7222222222222222,
      "mAP": 0.0031424531631681183,
      "loss": 0.001077265183623637
    }
  ],
  "epoch_9": [
    "../out/exp011_010_B3/checkpoints/train.10.pth",
    0.7247685185185184,
    {
      "epoch_f1_at_05": 0.7247685185185184,
      "epoch_f1_at_03": 0.7233796296296295,
      "epoch_f1_at_07": 0.7208333333333333,
      "epoch_mAP": 0.027666343023601256,
      "f1_at_05": 0.7247685185185185,
      "f1_at_03": 0.7233796296296297,
      "f1_at_07": 0.7208333333333333,
      "mAP": 0.0030720083130765167,
      "loss": 0.0010908294065678605
    }
  ],
  "epoch_10": [
    "../out/exp011_010_B3/checkpoints/train.11.pth",
    0.7266203703703703,
    {
      "epoch_f1_at_05": 0.7266203703703703,
      "epoch_f1_at_03": 0.724074074074074,
      "epoch_f1_at_07": 0.7208333333333333,
      "epoch_mAP": 0.027785524376884564,
      "f1_at_05": 0.7266203703703705,
      "f1_at_03": 0.7240740740740742,
      "f1_at_07": 0.7208333333333333,
      "mAP": 0.003066535859624027,
      "loss": 0.0010764714185783502
    }
  ],
  "epoch_11": [
    "../out/exp011_010_B3/checkpoints/train.12.pth",
    0.7247685185185184,
    {
      "epoch_f1_at_05": 0.7247685185185184,
      "epoch_f1_at_03": 0.717824074074074,
      "epoch_f1_at_07": 0.7229166666666667,
      "epoch_mAP": 0.028024812260335215,
      "f1_at_05": 0.7247685185185186,
      "f1_at_03": 0.7178240740740741,
      "f1_at_07": 0.7229166666666668,
      "mAP": 0.003191553538610106,
      "loss": 0.001119326372191408
    }
  ],
  "epoch_12": [
    "../out/exp011_010_B3/checkpoints/train.13.pth",
    0.7222222222222222,
    {
      "epoch_f1_at_05": 0.7222222222222222,
      "epoch_f1_at_03": 0.7131944444444445,
      "epoch_f1_at_07": 0.7229166666666667,
      "epoch_mAP": 0.02742543993503519,
      "f1_at_05": 0.7222222222222222,
      "f1_at_03": 0.7131944444444445,
      "f1_at_07": 0.7229166666666667,
      "mAP": 0.0031428330586692494,
      "loss": 0.0011152261631302075
    }
  ],
  "epoch_13": [
    "../out/exp011_010_B3/checkpoints/train.14.pth",
    0.7229166666666667,
    {
      "epoch_f1_at_05": 0.7229166666666667,
      "epoch_f1_at_03": 0.7185185185185184,
      "epoch_f1_at_07": 0.7222222222222222,
      "epoch_mAP": 0.02772564644676261,
      "f1_at_05": 0.7229166666666667,
      "f1_at_03": 0.7185185185185184,
      "f1_at_07": 0.7222222222222221,
      "mAP": 0.0031241647702237962,
      "loss": 0.001240719650183912
    }
  ],
  "epoch_14": [
    "../out/exp011_010_B3/checkpoints/train.15.pth",
    0.724074074074074,
    {
      "epoch_f1_at_05": 0.724074074074074,
      "epoch_f1_at_03": 0.7141203703703703,
      "epoch_f1_at_07": 0.7219907407407407,
      "epoch_mAP": 0.026225872360748085,
      "f1_at_05": 0.7240740740740741,
      "f1_at_03": 0.7141203703703705,
      "f1_at_07": 0.7219907407407407,