{
  "best": {
    "epoch_f1_at_05": 0.7229166666666667,
    "epoch_f1_at_03": 0.7229166666666667,
    "epoch_f1_at_07": 0.7229166666666667,
    "epoch_mAP": 0.007882545706979664,
    "f1_at_05": 0.7229166666666668,
    "f1_at_03": 0.7229166666666668,
    "f1_at_07": 0.7229166666666668,
    "mAP": 0.0022364829883802606,
    "loss": 0.011197975013286456
  },
  "last": {
    "epoch_f1_at_05": 0.6875,
    "epoch_f1_at_03": 0.6486111111111111,
    "epoch_f1_at_07": 0.7118055555555556,
    "epoch_mAP": 0.01853184017292406,
    "f1_at_05": 0.6874999999999999,
    "f1_at_03": 0.6486111111111111,
    "f1_at_07": 0.7118055555555555,
    "mAP": 0.002526901555845199,
    "loss": 0.013327045728794286
  },
  "train.1": {
    "epoch_f1_at_05": 0.7229166666666667,
    "epoch_f1_at_03": 0.7229166666666667,
    "epoch_f1_at_07": 0.7229166666666667,
    "epoch_mAP": 0.007882545706979664,
    "f1_at_05": 0.7229166666666668,
    "f1_at_03": 0.7229166666666668,
    "f1_at_07": 0.7229166666666668,
    "mAP": 0.0022364829883802606,
    "loss": 0.011197975013286456
  },
  "epoch_0": [
    "../out/exp012_010_BCE/checkpoints/train.1.pth",
    0.7229166666666667,
    {
      "epoch_f1_at_05": 0.7229166666666667,
      "epoch_f1_at_03": 0.7229166666666667,
      "epoch_f1_at_07": 0.7229166666666667,
      "epoch_mAP": 0.007882545706979664,
      "f1_at_05": 0.7229166666666668,
      "f1_at_03": 0.7229166666666668,
      "f1_at_07": 0.7229166666666668,
      "mAP": 0.0022364829883802606,
      "loss": 0.011197975013286456
    }
  ],
  "epoch_1": [
    "../out/exp012_010_BCE/checkpoints/train.2.pth",
    0.7229166666666667,
    {
      "epoch_f1_at_05": 0.7229166666666667,
      "epoch_f1_at_03": 0.71875,
      "epoch_f1_at_07": 0.7229166666666667,
      "epoch_mAP": 0.017211595478870228,
      "f1_at_05": 0.7229166666666668,
      "f1_at_03": 0.71875,
      "f1_at_07": 0.7229166666666668,
      "mAP": 0.00248068814102536,
      "loss": 0.010105827778299836
    }
  ],
  "epoch_2": [
    "../out/exp012_010_BCE/checkpoints/train.3.pth",
    0.71875,
    {
      "epoch_f1_at_05": 0.71875,
      "epoch_f1_at_03": 0.7129629629629629,
      "epoch_f1_at_07": 0.7222222222222222,
      "epoch_mAP": 0.016290694209014245,
      "f1_at_05": 0.7187499999999999,
      "f1_at_03": 0.712962962962963,
      "f1_at_07": 0.7222222222222221,
      "mAP": 0.0026927783817430923,
      "loss": 0.011064566857853177
    }
  ],
  "epoch_3": [
    "../out/exp012_010_BCE/checkpoints/train.4.pth",
    0.7180555555555556,
    {
      "epoch_f1_at_05": 0.7180555555555556,
      "epoch_f1_at_03": 0.7039351851851853,
      "epoch_f1_at_07": 0.7215277777777778,
      "epoch_mAP": 0.0201147581665362,
      "f1_at_05": 0.7180555555555556,
      "f1_at_03": 0.7039351851851852,
      "f1_at_07": 0.7215277777777777,
      "mAP": 0.002632838146259337,
      "loss": 0.010262871533594693
    }
  ],
  "epoch_4": [
    "../out/exp012_010_BCE/checkpoints/train.5.pth",
    0.7131944444444445,
    {
      "epoch_f1_at_05": 0.7131944444444445,
      "epoch_f1_at_03": 0.6965277777777777,
      "epoch_f1_at_07": 0.7201388888888889,
      "epoch_mAP": 0.01963276235571267,
      "f1_at_05": 0.7131944444444446,
      "f1_at_03": 0.6965277777777777,
      "f1_at_07": 0.720138888888889,
      "mAP": 0.002811611165207784,
      "loss": 0.010142056900250664
    }
  ],
  "epoch_5": [
    "../out/exp012_010_BCE/checkpoints/train.6.pth",
    0.7083333333333334,
    {
      "epoch_f1_at_05": 0.7083333333333334,
      "epoch_f1_at_03": 0.6902777777777778,
      "epoch_f1_at_07": 0.7208333333333333,
      "epoch_mAP": 0.02557446443749171,
      "f1_at_05": 0.7083333333333334,
      "f1_at_03": 0.6902777777777779,
      "f1_at_07": 0.7208333333333334,
      "mAP": 0.002832586413088381,
      "loss": 0.010196099194286283
    }
  ],
  "epoch_6": [
    "../out/exp012_010_BCE/checkpoints/train.7.pth",
    0.7131944444444445,
    {
      "epoch_f1_at_05": 0.7131944444444445,
      "epoch_f1_at_03": 0.6944444444444444,
      "epoch_f1_at_07": 0.7180555555555556,
      "epoch_mAP": 0.023757696557944893,
      "f1_at_05": 0.7131944444444444,
      "f1_at_03": 0.6944444444444445,
      "f1_at_07": 0.7180555555555556,
      "mAP": 0.0028400362262100023,
      "loss": 0.01063972484364179
    }
  ],
  "epoch_7": [
    "../out/exp012_010_BCE/checkpoints/train.8.pth",
    0.7013888888888888,
    {
      "epoch_f1_at_05": 0.7013888888888888,
      "epoch_f1_at_03": 0.6819444444444445,
      "epoch_f1_at_07": 0.71875,
      "epoch_mAP": 0.024584036101502036,
      "f1_at_05": 0.7013888888888888,
      "f1_at_03": 0.6819444444444444,
      "f1_at_07": 0.71875,
      "mAP": 0.002861134794893843,
      "loss": 0.010492585585098439
    }
  ],
  "epoch_8": [
    "../out/exp012_010_BCE/checkpoints/train.9.pth",
    0.7083333333333334,
    {
      "epoch_f1_at_05": 0.7083333333333334,
      "epoch_f1_at_03": 0.6972222222222222,
      "epoch_f1_at_07": 0.7173611111111111,
      "epoch_mAP": 0.023204558328032657,
      "f1_at_05": 0.7083333333333331,
      "f1_at_03": 0.6972222222222221,
      "f1_at_07": 0.717361111111111,
      "mAP": 0.002611860524492151,
      "loss": 0.010242047761906447
    }
  ],
  "epoch_9": [
    "../out/exp012_010_BCE/checkpoints/train.10.pth",
    0.7069444444444445,
    {
      "epoch_f1_at_05": 0.7069444444444445,
      "epoch_f1_at_03": 0.6858796296296296,
      "epoch_f1_at_07": 0.7145833333333333,
      "epoch_mAP": 0.02323778974924166,
      "f1_at_05": 0.7069444444444445,
      "f1_at_03": 0.6858796296296296,
      "f1_at_07": 0.7145833333333333,
      "mAP": 0.002600099417913336,
      "loss": 0.010435035257488876
    }
  ],
  "epoch_10": [
    "../out/exp012_010_BCE/checkpoints/train.11.pth",
    0.7097222222222223,
    {
      "epoch_f1_at_05": 0.7097222222222223,
      "epoch_f1_at_03": 0.6884259259259259,
      "epoch_f1_at_07": 0.7180555555555556,
      "epoch_mAP": 0.022987482873163777,
      "f1_at_05": 0.7097222222222224,
      "f1_at_03": 0.6884259259259259,
      "f1_at_07": 0.7180555555555556,
      "mAP": 0.002591154775659606,
      "loss": 0.010355790561636439
    }
  ],
  "epoch_11": [
    "../out/exp012_010_BCE/checkpoints/train.12.pth",
    0.7104166666666667,
    {
      "epoch_f1_at_05": 0.7104166666666667,
      "epoch_f1_at_03": 0.6868055555555556,
      "epoch_f1_at_07": 0.7159722222222222,
      "epoch_mAP": 0.022814414964721922,
      "f1_at_05": 0.7104166666666665,
      "f1_at_03": 0.6868055555555556,
      "f1_at_07": 0.7159722222222223,
      "mAP": 0.0026239204488246164,
      "loss": 0.010730501926191209
    }
  ],
  "epoch_12": [
    "../out/exp012_010_BCE/checkpoints/train.13.pth",
    0.7060185185185186,
    {
      "epoch_f1_at_05": 0.7060185185185186,
      "epoch_f1_at_03": 0.6768518518518519,
      "epoch_f1_at_07": 0.7152777777777778,
      "epoch_mAP": 0.022536626631446618,
      "f1_at_05": 0.7060185185185185,
      "f1_at_03": 0.6768518518518519,
      "f1_at_07": 0.7152777777777778,
      "mAP": 0.0025978266419287616,
      "loss": 0.010398944405578462
    }
  ],
  "epoch_13": [
    "../out/exp012_010_BCE/checkpoints/train.14.pth",
    0.701851851851852,
    {
      "epoch_f1_at_05": 0.701851851851852,
      "epoch_f1_at_03": 0.6736111111111112,
      "epoch_f1_at_07": 0.7104166666666667,
      "epoch_mAP": 0.02508794996635361,
      "f1_at_05": 0.701851851851852,
      "f1_at_03": 0.673611111111111,
      "f1_at_07": 0.7104166666666666,
      "mAP": 0.0028244047066209328,
      "loss": 0.010799396118602164
    }
  ],
  "epoch_14": [
    "../out/exp012_010_BCE/checkpoints/train.15.pth",
    0.6969907407407407,
    {
      "epoch_f1_at_05": 0.6969907407407407,
      "epoch_f1_at_03": 0.6611111111111111,
      "epoch_f1_at_07": 0.7083333333333334,
      "epoch_mAP": 0.024226097147786178,
      "f1_at_05": 0.6969907407407407,
      "f1_at_03": 0.661111111111111,
      "f1_at_07": 0.7083333333333334,
      "mAP": 0.0028523056001257337,
      "loss": 0.010912310735971894
    }
  ],