{
  "best": {
    "epoch_f1_at_05": 0.6869980119284295,
    "epoch_f1_at_03": 0.7715440689198145,
    "epoch_f1_at_07": 0.5778131212723658,
    "epoch_mAP": 0.8228003970487511,
    "f1_at_05": 0.6869980119284291,
    "f1_at_03": 0.7715440689198145,
    "f1_at_07": 0.577813121272366,
    "mAP": 0.0073757971133196895,
    "loss": 0.0009587813033416838
  },
  "last": {
    "epoch_f1_at_05": 0.6303247183565275,
    "epoch_f1_at_03": 0.7388734261100065,
    "epoch_f1_at_07": 0.4975745526838966,
    "epoch_mAP": 0.8047788630405464,
    "f1_at_05": 0.6303247183565274,
    "f1_at_03": 0.7388734261100068,
    "f1_at_07": 0.4975745526838969,
    "mAP": 0.007377033693564289,
    "loss": 0.0009882610099423476
  },
  "train.31": {
    "epoch_f1_at_05": 0.6869980119284295,
    "epoch_f1_at_03": 0.7715440689198145,
    "epoch_f1_at_07": 0.5778131212723658,
    "epoch_mAP": 0.8228003970487511,
    "f1_at_05": 0.6869980119284291,
    "f1_at_03": 0.7715440689198145,
    "f1_at_07": 0.577813121272366,
    "mAP": 0.0073757971133196895,
    "loss": 0.0009587813033416838
  },
  "epoch_0": [
    "out/exp000_EfficientNetB0/fold0/checkpoints/train.1.pth",
    0.0,
    {
      "epoch_f1_at_05": 0.0,
      "epoch_f1_at_03": 0.0,
      "epoch_f1_at_07": 0.0,
      "epoch_mAP": 0.014070225789536898,
      "f1_at_05": 0.0,
      "f1_at_03": 0.0,
      "f1_at_07": 0.0,
      "mAP": 0.0038823373736779506,
      "loss": 0.0036166833185962972
    }
  ],
  "epoch_1": [
    "out/exp000_EfficientNetB0/fold0/checkpoints/train.2.pth",
    0.0,
    {
      "epoch_f1_at_05": 0.0,
      "epoch_f1_at_03": 0.0,
      "epoch_f1_at_07": 0.0,
      "epoch_mAP": 0.061134579138742734,
      "f1_at_05": 0.0,
      "f1_at_03": 0.0,
      "f1_at_07": 0.0,
      "mAP": 0.005425282284222326,
      "loss": 0.00317498652027479
    }
  ],
  "epoch_2": [
    "out/exp000_EfficientNetB0/fold0/checkpoints/train.3.pth",
    0.0,
    {
      "epoch_f1_at_05": 0.0,
      "epoch_f1_at_03": 0.012007952286282306,
      "epoch_f1_at_07": 0.0,
      "epoch_mAP": 0.1759979513416891,
      "f1_at_05": 0.0,
      "f1_at_03": 0.012007952286282311,
      "f1_at_07": 0.0,
      "mAP": 0.006464587455023675,
      "loss": 0.0026823384255896623
    }
  ],
  "epoch_3": [
    "out/exp000_EfficientNetB0/fold0/checkpoints/train.4.pth",
    0.015347912524850895,
    {
      "epoch_f1_at_05": 0.015347912524850895,
      "epoch_f1_at_03": 0.0994831013916501,
      "epoch_f1_at_07": 0.0,
      "epoch_mAP": 0.30427966091380954,
      "f1_at_05": 0.015347912524850883,
      "f1_at_03": 0.0994831013916501,
      "f1_at_07": 0.0,
      "mAP": 0.006800914714791361,
      "loss": 0.0022189609646041755
    }
  ],
  "epoch_4": [
    "out/exp000_EfficientNetB0/fold0/checkpoints/train.5.pth",
    0.05598409542743539,
    {
      "epoch_f1_at_05": 0.05598409542743539,
      "epoch_f1_at_03": 0.20842942345924453,
      "epoch_f1_at_07": 0.0037375745526838965,
      "epoch_mAP": 0.412464355222713,
      "f1_at_05": 0.05598409542743539,
      "f1_at_03": 0.20842942345924448,
      "f1_at_07": 0.0037375745526838965,
      "mAP": 0.007016828175488915,
      "loss": 0.0018767437281431432
    }
  ],
  "epoch_5": [
    "out/exp000_EfficientNetB0/fold0/checkpoints/train.6.pth",
    0.11387673956262426,
    {
      "epoch_f1_at_05": 0.11387673956262426,
      "epoch_f1_at_03": 0.3069980119284294,
      "epoch_f1_at_07": 0.016699801192842943,
      "epoch_mAP": 0.4948939968154818,
      "f1_at_05": 0.11387673956262426,
      "f1_at_03": 0.30699801192842946,
      "f1_at_07": 0.016699801192842957,
      "mAP": 0.007107803621207131,
      "loss": 0.0016377165744721769
    }
  ],
  "epoch_6": [
    "out/exp000_EfficientNetB0/fold0/checkpoints/train.7.pth",
    0.18019880715705766,
    {
      "epoch_f1_at_05": 0.18019880715705766,
      "epoch_f1_at_03": 0.39430086149768057,
      "epoch_f1_at_07": 0.049224652087475146,
      "epoch_mAP": 0.5587810017972018,
      "f1_at_05": 0.18019880715705774,
      "f1_at_03": 0.39430086149768057,
      "f1_at_07": 0.04922465208747514,
      "mAP": 0.007173435957778877,
      "loss": 0.0014631895118098603
    }
  ],
  "epoch_7": [
    "out/exp000_EfficientNetB0/fold0/checkpoints/train.8.pth",
    0.21335984095427435,
    {
      "epoch_f1_at_05": 0.21335984095427435,
      "epoch_f1_at_03": 0.44337972166998013,
      "epoch_f1_at_07": 0.06512922465208748,
      "epoch_mAP": 0.5976955941953884,
      "f1_at_05": 0.2133598409542744,
      "f1_at_03": 0.4433797216699802,
      "f1_at_07": 0.06512922465208755,
      "mAP": 0.007203720129227386,
      "loss": 0.0013568315137859079
    }
  ],
  "epoch_8": [
    "out/exp000_EfficientNetB0/fold0/checkpoints/train.9.pth",
    0.26974155069582506,
    {
      "epoch_f1_at_05": 0.26974155069582506,
      "epoch_f1_at_03": 0.5003976143141153,
      "epoch_f1_at_07": 0.09860834990059641,
      "epoch_mAP": 0.6276174000023516,
      "f1_at_05": 0.26974155069582484,
      "f1_at_03": 0.500397614314115,
      "f1_at_07": 0.09860834990059643,
      "mAP": 0.007240487405313012,
      "loss": 0.0012627875516061518
    }
  ],
  "epoch_9": [
    "out/exp000_EfficientNetB0/fold0/checkpoints/train.10.pth",
    0.28485089463220675,
    {
      "epoch_f1_at_05": 0.28485089463220675,
      "epoch_f1_at_03": 0.5157720344599072,
      "epoch_f1_at_07": 0.1121272365805169,
      "epoch_mAP": 0.6383677916887947,
      "f1_at_05": 0.2848508946322067,
      "f1_at_03": 0.515772034459907,
      "f1_at_07": 0.11212723658051692,
      "mAP": 0.007240367329194269,
      "loss": 0.001229001449432157
    }
  ],
  "epoch_10": [
    "out/exp000_EfficientNetB0/fold0/checkpoints/train.11.pth",
    0.2849039098740888,
    {
      "epoch_f1_at_05": 0.2849039098740888,
      "epoch_f1_at_03": 0.5159708416169648,
      "epoch_f1_at_07": 0.11204771371769384,
      "epoch_mAP": 0.6366418063130254,
      "f1_at_05": 0.28490390987408876,
      "f1_at_03": 0.5159708416169648,
      "f1_at_07": 0.11204771371769383,
      "mAP": 0.0072372464931316745,
      "loss": 0.0012271787030677913
    }
  ],
  "epoch_11": [
    "out/exp000_EfficientNetB0/fold0/checkpoints/train.12.pth",
    0.2969383697813121,
    {
      "epoch_f1_at_05": 0.2969383697813121,
      "epoch_f1_at_03": 0.5289993373094765,
      "epoch_f1_at_07": 0.1210337972166998,
      "epoch_mAP": 0.6437912102637141,
      "f1_at_05": 0.29693836978131216,
      "f1_at_03": 0.528999337309476,
      "f1_at_07": 0.12103379721669974,
      "mAP": 0.007249321639310912,
      "loss": 0.0012092202704096168
    }
  ],
  "epoch_12": [
    "out/exp000_EfficientNetB0/fold0/checkpoints/train.13.pth",
    0.2920079522862823,
    {
      "epoch_f1_at_05": 0.2920079522862823,
      "epoch_f1_at_03": 0.5315175612988735,
      "epoch_f1_at_07": 0.1203976143141153,
      "epoch_mAP": 0.6490493836548799,
      "f1_at_05": 0.2920079522862821,
      "f1_at_03": 0.5315175612988735,
      "f1_at_07": 0.12039761431411539,
      "mAP": 0.007259210575763853,
      "loss": 0.0012017770489459304
    }
  ],
  "epoch_13": [
    "out/exp000_EfficientNetB0/fold0/checkpoints/train.14.pth",
    0.3069582504970179,
    {
      "epoch_f1_at_05": 0.3069582504970179,
      "epoch_f1_at_03": 0.5357985420808483,
      "epoch_f1_at_07": 0.12,
      "epoch_mAP": 0.6583953955479992,
      "f1_at_05": 0.3069582504970179,
      "f1_at_03": 0.5357985420808482,
      "f1_at_07": 0.12000000000000002,
      "mAP": 0.007258858501157875,
      "loss": 0.0012014184284133177
    }
  ],
  "epoch_14": [
    "out/exp000_EfficientNetB0/fold0/checkpoints/train.15.pth",
    0.2927236580516899,
    {
      "epoch_f1_at_05": 0.2927236580516899,
      "epoch_f1_at_03": 0.5181444665341285,
      "epoch_f1_at_07": 0.12318091451292247,
      "epoch_mAP": 0.6582152633848445,
      "f1_at_05": 0.29272365805168976,
      "f1_at_03": 0.5181444665341286,
      "f1_at_07": 0.12318091451292261,
      "mAP": 0.007266304699024236,
      "loss": 0.0012323203305926764
    }
  ],