{
  "best": {
    "epoch_f1_at_05": 0.0001517220452131695,
    "epoch_f1_at_03": 0.03604373929817717,
    "epoch_f1_at_07": 0.0,
    "epoch_mAP": 0.14603984654374322,
    "f1_at_05": 0.0001517220452131696,
    "f1_at_03": 0.03604373929817716,
    "f1_at_07": 0.0,
    "mAP": 0.024138414397849355,
    "loss": 0.005265716615933747
  },
  "last": {
    "epoch_f1_at_05": 0.0001517220452131695,
    "epoch_f1_at_03": 0.03604373929817717,
    "epoch_f1_at_07": 0.0,
    "epoch_mAP": 0.14603984654374322,
    "f1_at_05": 0.0001517220452131696,
    "f1_at_03": 0.03604373929817716,
    "f1_at_07": 0.0,
    "mAP": 0.024138414397849355,
    "loss": 0.005265716615933747
  },
  "train.5": {
    "epoch_f1_at_05": 0.0001517220452131695,
    "epoch_f1_at_03": 0.03604373929817717,
    "epoch_f1_at_07": 0.0,
    "epoch_mAP": 0.14603984654374322,
    "f1_at_05": 0.0001517220452131696,
    "f1_at_03": 0.03604373929817716,
    "f1_at_07": 0.0,
    "mAP": 0.024138414397849355,
    "loss": 0.005265716615933747
  },
  "epoch_0": [
    "../out/cor_000_b0_pitch_shift/fold0/checkpoints/train.1.pth",
    0.0,
    {
      "epoch_f1_at_05": 0.0,
      "epoch_f1_at_03": 0.0,
      "epoch_f1_at_07": 0.0,
      "epoch_mAP": 0.013294901757044454,
      "f1_at_05": 0.0,
      "f1_at_03": 0.0,
      "f1_at_07": 0.0,
      "mAP": 0.013554715700066914,
      "loss": 0.006495882696389449
    }
  ],
  "epoch_1": [
    "../out/cor_000_b0_pitch_shift/fold0/checkpoints/train.2.pth",
    0.0,
    {
      "epoch_f1_at_05": 0.0,
      "epoch_f1_at_03": 0.0001137915339098771,
      "epoch_f1_at_07": 0.0,
      "epoch_mAP": 0.03920671993893598,
      "f1_at_05": 0.0,
      "f1_at_03": 0.00011379153390987715,
      "f1_at_07": 0.0,
      "mAP": 0.019159589860236345,
      "loss": 0.00623236472422107
    }
  ],
  "epoch_2": [
    "../out/cor_000_b0_pitch_shift/fold0/checkpoints/train.3.pth",
    0.0,
    {
      "epoch_f1_at_05": 0.0,
      "epoch_f1_at_03": 0.0017258382642998027,
      "epoch_f1_at_07": 0.0,
      "epoch_mAP": 0.05757499363437693,
      "f1_at_05": 0.0,
      "f1_at_03": 0.0017258382642998031,
      "f1_at_07": 0.0,
      "mAP": 0.020470321406308167,
      "loss": 0.006364179407591895
    }
  ],
  "epoch_3": [
    "../out/cor_000_b0_pitch_shift/fold0/checkpoints/train.4.pth",
    0.0,
    {
      "epoch_f1_at_05": 0.0,
      "epoch_f1_at_03": 0.008081366365390035,
      "epoch_f1_at_07": 0.0,
      "epoch_mAP": 0.08898849567788616,
      "f1_at_05": 0.0,
      "f1_at_03": 0.00808136636539003,
      "f1_at_07": 0.0,
      "mAP": 0.021299276352033786,
      "loss": 0.005860294378585148
    }
  ],
  "epoch_4": [
    "../out/cor_000_b0_pitch_shift/fold0/checkpoints/train.5.pth",
    0.0001517220452131695,
    {
      "epoch_f1_at_05": 0.0001517220452131695,
      "epoch_f1_at_03": 0.03604373929817717,
      "epoch_f1_at_07": 0.0,
      "epoch_mAP": 0.14603984654374322,
      "f1_at_05": 0.0001517220452131696,
      "f1_at_03": 0.03604373929817716,
      "f1_at_07": 0.0,
      "mAP": 0.024138414397849355,
      "loss": 0.005265716615933747
    }
  ],
  "train.6.exception_KeyboardInterrupt": {}
}