{
  "best": {
    "epoch_f1_at_05": 0.6919019218025183,
    "epoch_f1_at_03": 0.7832604373757456,
    "epoch_f1_at_07": 0.5724055666003977,
    "epoch_mAP": 0.8351814357069182,
    "f1_at_05": 0.691901921802518,
    "f1_at_03": 0.7832604373757458,
    "f1_at_07": 0.5724055666003979,
    "mAP": 0.007362653105048523,
    "loss": 0.0008717827550570662
  },
  "last": {
    "epoch_f1_at_05": 0.6403180914512923,
    "epoch_f1_at_03": 0.7514910536779325,
    "epoch_f1_at_07": 0.492882703777336,
    "epoch_mAP": 0.8173321392768728,
    "f1_at_05": 0.6403180914512924,
    "f1_at_03": 0.7514910536779328,
    "f1_at_07": 0.4928827037773359,
    "mAP": 0.0073235643787361,
    "loss": 0.000943072324481684
  },
  "train.32": {
    "epoch_f1_at_05": 0.6919019218025183,
    "epoch_f1_at_03": 0.7832604373757456,
    "epoch_f1_at_07": 0.5724055666003977,
    "epoch_mAP": 0.8351814357069182,
    "f1_at_05": 0.691901921802518,
    "f1_at_03": 0.7832604373757458,
    "f1_at_07": 0.5724055666003979,
    "mAP": 0.007362653105048523,
    "loss": 0.0008717827550570662
  },
  "epoch_0": [
    "../out/exp002_EfficientNetB0_pink_noise/fold0/checkpoints/train.1.pth",
    0.0,
    {
      "epoch_f1_at_05": 0.0,
      "epoch_f1_at_03": 0.0,
      "epoch_f1_at_07": 0.0,
      "epoch_mAP": 0.009966609990334883,
      "f1_at_05": 0.0,
      "f1_at_03": 0.0,
      "f1_at_07": 0.0,
      "mAP": 0.003585373419623029,
      "loss": 0.00365504908292123
    }
  ],
  "epoch_1": [
    "../out/exp002_EfficientNetB0_pink_noise/fold0/checkpoints/train.2.pth",
    0.0,
    {
      "epoch_f1_at_05": 0.0,
      "epoch_f1_at_03": 0.0,
      "epoch_f1_at_07": 0.0,
      "epoch_mAP": 0.04753284409526268,
      "f1_at_05": 0.0,
      "f1_at_03": 0.0,
      "f1_at_07": 0.0,
      "mAP": 0.005212209531834274,
      "loss": 0.0032817440889183276
    }
  ],
  "epoch_2": [
    "../out/exp002_EfficientNetB0_pink_noise/fold0/checkpoints/train.3.pth",
    0.00015904572564612326,
    {
      "epoch_f1_at_05": 0.00015904572564612326,
      "epoch_f1_at_03": 0.01320079522862823,
      "epoch_f1_at_07": 0.0,
      "epoch_mAP": 0.15616067299275546,
      "f1_at_05": 0.00015904572564612326,
      "f1_at_03": 0.01320079522862823,
      "f1_at_07": 0.0,
      "mAP": 0.0063176242957207855,
      "loss": 0.0026923998341216128
    }
  ],
  "epoch_3": [
    "../out/exp002_EfficientNetB0_pink_noise/fold0/checkpoints/train.4.pth",
    0.01073558648111332,
    {
      "epoch_f1_at_05": 0.01073558648111332,
      "epoch_f1_at_03": 0.0827037773359841,
      "epoch_f1_at_07": 0.00015904572564612326,
      "epoch_mAP": 0.28120585226174505,
      "f1_at_05": 0.01073558648111332,
      "f1_at_03": 0.08270377733598407,
      "f1_at_07": 0.00015904572564612326,
      "mAP": 0.006798740496388175,
      "loss": 0.00224295813116295
    }
  ],
  "epoch_4": [
    "../out/exp002_EfficientNetB0_pink_noise/fold0/checkpoints/train.5.pth",
    0.051928429423459245,
    {
      "epoch_f1_at_05": 0.051928429423459245,
      "epoch_f1_at_03": 0.2016699801192843,
      "epoch_f1_at_07": 0.0038170974155069585,
      "epoch_mAP": 0.4080874648559991,
      "f1_at_05": 0.05192842942345925,
      "f1_at_03": 0.20166998011928422,
      "f1_at_07": 0.003817097415506959,
      "mAP": 0.006950168681781856,
      "loss": 0.0019077081118838099
    }
  ],
  "epoch_5": [
    "../out/exp002_EfficientNetB0_pink_noise/fold0/checkpoints/train.6.pth",
    0.0990854870775348,
    {
      "epoch_f1_at_05": 0.0990854870775348,
      "epoch_f1_at_03": 0.2925911199469848,
      "epoch_f1_at_07": 0.012485089463220677,
      "epoch_mAP": 0.48458360212253193,
      "f1_at_05": 0.09908548707753483,
      "f1_at_03": 0.29259111994698445,
      "f1_at_07": 0.01248508946322068,
      "mAP": 0.007090010129996343,
      "loss": 0.0016834824903688534
    }
  ],
  "epoch_6": [
    "../out/exp002_EfficientNetB0_pink_noise/fold0/checkpoints/train.7.pth",
    0.17232604373757454,
    {
      "epoch_f1_at_05": 0.17232604373757454,
      "epoch_f1_at_03": 0.38785950960901255,
      "epoch_f1_at_07": 0.04421471172962227,
      "epoch_mAP": 0.5496285358484215,
      "f1_at_05": 0.1723260437375745,
      "f1_at_03": 0.38785950960901255,
      "f1_at_07": 0.04421471172962228,
      "mAP": 0.007155999539396068,
      "loss": 0.0015012128992195042
    }
  ],
  "epoch_7": [
    "../out/exp002_EfficientNetB0_pink_noise/fold0/checkpoints/train.8.pth",
    0.21256461232604373,
    {
      "epoch_f1_at_05": 0.21256461232604373,
      "epoch_f1_at_03": 0.4363817097415507,
      "epoch_f1_at_07": 0.05908548707753479,
      "epoch_mAP": 0.5922576811033436,
      "f1_at_05": 0.2125646123260437,
      "f1_at_03": 0.4363817097415506,
      "f1_at_07": 0.059085487077534804,
      "mAP": 0.007178829374693284,
      "loss": 0.0013717272613293853
    }
  ],
  "epoch_8": [
    "../out/exp002_EfficientNetB0_pink_noise/fold0/checkpoints/train.9.pth",
    0.24556660039761433,
    {
      "epoch_f1_at_05": 0.24556660039761433,
      "epoch_f1_at_03": 0.4847713717693836,
      "epoch_f1_at_07": 0.07530815109343936,
      "epoch_mAP": 0.6206697174121071,
      "f1_at_05": 0.24556660039761424,
      "f1_at_03": 0.4847713717693837,
      "f1_at_07": 0.07530815109343937,
      "mAP": 0.0072236305252032645,
      "loss": 0.0012797641271640133
    }
  ],
  "epoch_9": [
    "../out/exp002_EfficientNetB0_pink_noise/fold0/checkpoints/train.10.pth",
    0.27435387673956263,
    {
      "epoch_f1_at_05": 0.27435387673956263,
      "epoch_f1_at_03": 0.5086282306163021,
      "epoch_f1_at_07": 0.09463220675944334,
      "epoch_mAP": 0.6321164823141432,
      "f1_at_05": 0.27435387673956285,
      "f1_at_03": 0.5086282306163022,
      "f1_at_07": 0.09463220675944334,
      "mAP": 0.007226749743763868,
      "loss": 0.0012481405822445393
    }
  ],
  "epoch_10": [
    "../out/exp002_EfficientNetB0_pink_noise/fold0/checkpoints/train.11.pth",
    0.2755467196819085,
    {
      "epoch_f1_at_05": 0.2755467196819085,
      "epoch_f1_at_03": 0.5096090125911199,
      "epoch_f1_at_07": 0.09542743538767395,
      "epoch_mAP": 0.6328468992197088,
      "f1_at_05": 0.2755467196819085,
      "f1_at_03": 0.5096090125911199,
      "f1_at_07": 0.09542743538767393,
      "mAP": 0.007232757764892177,
      "loss": 0.0012435649786603671
    }
  ],
  "epoch_11": [
    "../out/exp002_EfficientNetB0_pink_noise/fold0/checkpoints/train.12.pth",
    0.2919019218025182,
    {
      "epoch_f1_at_05": 0.2919019218025182,
      "epoch_f1_at_03": 0.5253810470510272,
      "epoch_f1_at_07": 0.10608349900596421,
      "epoch_mAP": 0.6402410232899899,
      "f1_at_05": 0.2919019218025185,
      "f1_at_03": 0.5253810470510265,
      "f1_at_07": 0.10608349900596423,
      "mAP": 0.00723633020978023,
      "loss": 0.0012223168356792179
    }
  ],
  "epoch_12": [
    "../out/exp002_EfficientNetB0_pink_noise/fold0/checkpoints/train.13.pth",
    0.2900728959575878,
    {
      "epoch_f1_at_05": 0.2900728959575878,
      "epoch_f1_at_03": 0.5193373094764746,
      "epoch_f1_at_07": 0.11005964214711729,
      "epoch_mAP": 0.6456037246842724,
      "f1_at_05": 0.2900728959575876,
      "f1_at_03": 0.5193373094764747,
      "f1_at_07": 0.1100596421471173,
      "mAP": 0.007236961624625814,
      "loss": 0.0012198457870239872
    }
  ],
  "epoch_13": [
    "../out/exp002_EfficientNetB0_pink_noise/fold0/checkpoints/train.14.pth",
    0.2961431411530815,
    {
      "epoch_f1_at_05": 0.2961431411530815,
      "epoch_f1_at_03": 0.5230483764082174,
      "epoch_f1_at_07": 0.11570576540755467,
      "epoch_mAP": 0.6530971705132003,
      "f1_at_05": 0.2961431411530814,
      "f1_at_03": 0.5230483764082174,
      "f1_at_07": 0.11570576540755469,
      "mAP": 0.007269526647828464,
      "loss": 0.0012256320532055842
    }
  ],
  "epoch_14": [
    "../out/exp002_EfficientNetB0_pink_noise/fold0/checkpoints/train.15.pth",
    0.28999337309476475,
    {
      "epoch_f1_at_05": 0.28999337309476475,
      "epoch_f1_at_03": 0.5211398277004639,