{
  "best": {
    "epoch_f1_at_05": 0.7124188204108682,
    "epoch_f1_at_03": 0.7421603711066933,
    "epoch_f1_at_07": 0.6764214711729623,
    "epoch_mAP": 0.8105357330330355,
    "f1_at_05": 0.7124188204108681,
    "f1_at_03": 0.7421603711066933,
    "f1_at_07": 0.6764214711729623,
    "mAP": 0.007368772270553057,
    "loss": 0.009511796324389789
  },
  "last": {
    "epoch_f1_at_05": 0.7103512259774685,
    "epoch_f1_at_03": 0.7420808482438701,
    "epoch_f1_at_07": 0.6762094102054341,
    "epoch_mAP": 0.811168392340153,
    "f1_at_05": 0.7103512259774688,
    "f1_at_03": 0.7420808482438702,
    "f1_at_07": 0.6762094102054337,
    "mAP": 0.007350398155324561,
    "loss": 0.009264310117841363
  },
  "train.19": {
    "epoch_f1_at_05": 0.7124188204108682,
    "epoch_f1_at_03": 0.7421603711066933,
    "epoch_f1_at_07": 0.6764214711729623,
    "epoch_mAP": 0.8105357330330355,
    "f1_at_05": 0.7124188204108681,
    "f1_at_03": 0.7421603711066933,
    "f1_at_07": 0.6764214711729623,
    "mAP": 0.007368772270553057,
    "loss": 0.009511796324389789
  },
  "epoch_0": [
    "../out/exp006_3channel/fold0/checkpoints/train.1.pth",
    0.3023724320742214,
    {
      "epoch_f1_at_05": 0.3023724320742214,
      "epoch_f1_at_03": 0.38616302186878726,
      "epoch_f1_at_07": 0.21815772034459907,
      "epoch_mAP": 0.5780849971800427,
      "f1_at_05": 0.30237243207422143,
      "f1_at_03": 0.38616302186878737,
      "f1_at_07": 0.21815772034459924,
      "mAP": 0.007179225529237916,
      "loss": 0.015136657519771021
    }
  ],
  "epoch_1": [
    "../out/exp006_3channel/fold0/checkpoints/train.2.pth",
    0.454831013916501,
    {
      "epoch_f1_at_05": 0.454831013916501,
      "epoch_f1_at_03": 0.5383035122597747,
      "epoch_f1_at_07": 0.36174950298210734,
      "epoch_mAP": 0.6857856016947439,
      "f1_at_05": 0.4548310139165009,
      "f1_at_03": 0.5383035122597746,
      "f1_at_07": 0.36174950298210745,
      "mAP": 0.007271348952162872,
      "loss": 0.0112079393918783
    }
  ],
  "epoch_2": [
    "../out/exp006_3channel/fold0/checkpoints/train.3.pth",
    0.5375745526838966,
    {
      "epoch_f1_at_05": 0.5375745526838966,
      "epoch_f1_at_03": 0.6051159708416171,
      "epoch_f1_at_07": 0.45479125248508945,
      "epoch_mAP": 0.7281988136354398,
      "f1_at_05": 0.5375745526838965,
      "f1_at_03": 0.6051159708416168,
      "f1_at_07": 0.45479125248508934,
      "mAP": 0.007293008004702022,
      "loss": 0.010316347914831445
    }
  ],
  "epoch_3": [
    "../out/exp006_3channel/fold0/checkpoints/train.4.pth",
    0.5707090788601723,
    {
      "epoch_f1_at_05": 0.5707090788601723,
      "epoch_f1_at_03": 0.6307488402915837,
      "epoch_f1_at_07": 0.500728959575878,
      "epoch_mAP": 0.7465652579454805,
      "f1_at_05": 0.570709078860172,
      "f1_at_03": 0.6307488402915836,
      "f1_at_07": 0.5007289595758778,
      "mAP": 0.00732564225358398,
      "loss": 0.009783975655418553
    }
  ],
  "epoch_4": [
    "../out/exp006_3channel/fold0/checkpoints/train.5.pth",
    0.5993638170974155,
    {
      "epoch_f1_at_05": 0.5993638170974155,
      "epoch_f1_at_03": 0.6600397614314115,
      "epoch_f1_at_07": 0.5315838303512259,
      "epoch_mAP": 0.7673982695778092,
      "f1_at_05": 0.5993638170974157,
      "f1_at_03": 0.6600397614314114,
      "f1_at_07": 0.5315838303512262,
      "mAP": 0.007327432616616002,
      "loss": 0.009174667496380929
    }
  ],
  "epoch_5": [
    "../out/exp006_3channel/fold0/checkpoints/train.6.pth",
    0.6203313452617628,
    {
      "epoch_f1_at_05": 0.6203313452617628,
      "epoch_f1_at_03": 0.6735188866799204,
      "epoch_f1_at_07": 0.5628363154406892,
      "epoch_mAP": 0.7690457406402774,
      "f1_at_05": 0.6203313452617624,
      "f1_at_03": 0.6735188866799202,
      "f1_at_07": 0.5628363154406892,
      "mAP": 0.007358490711239433,
      "loss": 0.009289971306573969
    }
  ],
  "epoch_6": [
    "../out/exp006_3channel/fold0/checkpoints/train.7.pth",
    0.6385685884691849,
    {
      "epoch_f1_at_05": 0.6385685884691849,
      "epoch_f1_at_03": 0.6845062955599734,
      "epoch_f1_at_07": 0.5829290921139828,
      "epoch_mAP": 0.7778364355630741,
      "f1_at_05": 0.6385685884691849,
      "f1_at_03": 0.6845062955599736,
      "f1_at_07": 0.5829290921139831,
      "mAP": 0.0073552847245425615,
      "loss": 0.009308974608940318
    }
  ],
  "epoch_7": [
    "../out/exp006_3channel/fold0/checkpoints/train.8.pth",
    0.6099668654738237,
    {
      "epoch_f1_at_05": 0.6099668654738237,
      "epoch_f1_at_03": 0.6613651424784626,
      "epoch_f1_at_07": 0.5572166998011928,
      "epoch_mAP": 0.7757093085399955,
      "f1_at_05": 0.6099668654738236,
      "f1_at_03": 0.6613651424784635,
      "f1_at_07": 0.557216699801193,
      "mAP": 0.007358749758242941,
      "loss": 0.010017663895211863
    }
  ],
  "epoch_8": [
    "../out/exp006_3channel/fold0/checkpoints/train.9.pth",
    0.6635122597746852,
    {
      "epoch_f1_at_05": 0.6635122597746852,
      "epoch_f1_at_03": 0.706255798542081,
      "epoch_f1_at_07": 0.6125911199469848,
      "epoch_mAP": 0.7906736389894704,
      "f1_at_05": 0.6635122597746853,
      "f1_at_03": 0.7062557985420811,
      "f1_at_07": 0.6125911199469848,
      "mAP": 0.007345045847718026,
      "loss": 0.009145918246072048
    }
  ],
  "epoch_9": [
    "../out/exp006_3channel/fold0/checkpoints/train.10.pth",
    0.6591915175612988,
    {
      "epoch_f1_at_05": 0.6591915175612988,
      "epoch_f1_at_03": 0.7038038436050363,
      "epoch_f1_at_07": 0.609012591119947,
      "epoch_mAP": 0.7914681464410437,
      "f1_at_05": 0.6591915175612989,
      "f1_at_03": 0.7038038436050364,
      "f1_at_07": 0.6090125911199472,
      "mAP": 0.007365545073398527,
      "loss": 0.009046454333482059
    }
  ],
  "epoch_10": [
    "../out/exp006_3channel/fold0/checkpoints/train.11.pth",
    0.6647051027170311,
    {
      "epoch_f1_at_05": 0.6647051027170311,
      "epoch_f1_at_03": 0.7064811133200796,
      "epoch_f1_at_07": 0.6151093439363817,
      "epoch_mAP": 0.7855546614512183,
      "f1_at_05": 0.6647051027170309,
      "f1_at_03": 0.7064811133200798,
      "f1_at_07": 0.6151093439363814,
      "mAP": 0.007366543383735794,
      "loss": 0.00958275152266949
    }
  ],
  "epoch_11": [
    "../out/exp006_3channel/fold0/checkpoints/train.12.pth",
    0.6785155732273027,
    {
      "epoch_f1_at_05": 0.6785155732273027,
      "epoch_f1_at_03": 0.7169251159708415,
      "epoch_f1_at_07": 0.6353876739562624,
      "epoch_mAP": 0.7957059301121352,
      "f1_at_05": 0.678515573227303,
      "f1_at_03": 0.7169251159708419,
      "f1_at_07": 0.6353876739562629,
      "mAP": 0.0073466997035467625,
      "loss": 0.009049890038742861
    }
  ],
  "epoch_12": [
    "../out/exp006_3channel/fold0/checkpoints/train.13.pth",
    0.7035122597746851,
    {
      "epoch_f1_at_05": 0.7035122597746851,
      "epoch_f1_at_03": 0.7363817097415507,
      "epoch_f1_at_07": 0.6638833664678595,
      "epoch_mAP": 0.8087744489337073,
      "f1_at_05": 0.7035122597746848,
      "f1_at_03": 0.7363817097415508,
      "f1_at_07": 0.6638833664678594,
      "mAP": 0.007354548832957384,
      "loss": 0.008708245084544874
    }
  ],
  "epoch_13": [
    "../out/exp006_3channel/fold0/checkpoints/train.14.pth",
    0.676209410205434,
    {
      "epoch_f1_at_05": 0.676209410205434,
      "epoch_f1_at_03": 0.7120742213386347,
      "epoch_f1_at_07": 0.6342213386348575,
      "epoch_mAP": 0.8033029007145728,
      "f1_at_05": 0.6762094102054342,
      "f1_at_03": 0.712074221338635,
      "f1_at_07": 0.6342213386348573,
      "mAP": 0.007348605819567383,
      "loss": 0.009624679082477971
    }
  ],
  "epoch_14": [
    "../out/exp006_3channel/fold0/checkpoints/train.15.pth",
    0.6957455268389662,
    {
      "epoch_f1_at_05": 0.6957455268389662,
      "epoch_f1_at_03": 0.7326176275679257,
      "epoch_f1_at_07": 0.6551888667992047,
      "epoch_mAP": 0.7997564339575007,
      "f1_at_05": 0.6957455268389663,