{
  "best": {
    "epoch_f1_at_05": 0.46160441061037477,
    "epoch_f1_at_03": 0.6142431031912471,
    "epoch_f1_at_07": 0.26328487373020176,
    "epoch_mAP": 0.5926136299798952,
    "f1_at_05": 0.461604410610375,
    "f1_at_03": 0.6142431031912473,
    "f1_at_07": 0.26328487373020165,
    "mAP": 0.04055579347769159,
    "loss": 0.0027374769319182136
  },
  "last": {
    "epoch_f1_at_05": 0.43381990485767824,
    "epoch_f1_at_03": 0.5869291294861404,
    "epoch_f1_at_07": 0.23654682008956363,
    "epoch_mAP": 0.5821461898765506,
    "f1_at_05": 0.4338199048576782,
    "f1_at_03": 0.5869291294861398,
    "f1_at_07": 0.2365468200895636,
    "mAP": 0.04010621040780232,
    "loss": 0.0028683601769342796
  },
  "train.27": {
    "epoch_f1_at_05": 0.46160441061037477,
    "epoch_f1_at_03": 0.6142431031912471,
    "epoch_f1_at_07": 0.26328487373020176,
    "epoch_mAP": 0.5926136299798952,
    "f1_at_05": 0.461604410610375,
    "f1_at_03": 0.6142431031912473,
    "f1_at_07": 0.26328487373020165,
    "mAP": 0.04055579347769159,
    "loss": 0.0027374769319182136
  },
  "epoch_0": [
    "../out/exp017_013_background_noise/fold0/checkpoints/train.1.pth",
    0.0,
    {
      "epoch_f1_at_05": 0.0,
      "epoch_f1_at_03": 0.0,
      "epoch_f1_at_07": 0.0,
      "epoch_mAP": 0.010971193016384467,
      "f1_at_05": 0.0,
      "f1_at_03": 0.0,
      "f1_at_07": 0.0,
      "mAP": 0.015160362062562898,
      "loss": 0.005709939856548788
    }
  ],
  "epoch_1": [
    "../out/exp017_013_background_noise/fold0/checkpoints/train.2.pth",
    0.0,
    {
      "epoch_f1_at_05": 0.0,
      "epoch_f1_at_03": 0.0017362491716368452,
      "epoch_f1_at_07": 0.0,
      "epoch_mAP": 0.039776239960755376,
      "f1_at_05": 0.0,
      "f1_at_03": 0.0017362491716368456,
      "f1_at_07": 0.0,
      "mAP": 0.019677993528894,
      "loss": 0.005331435770714735
    }
  ],
  "epoch_2": [
    "../out/exp017_013_background_noise/fold0/checkpoints/train.3.pth",
    0.0,
    {
      "epoch_f1_at_05": 0.0,
      "epoch_f1_at_03": 0.0077363122850200375,
      "epoch_f1_at_07": 0.0,
      "epoch_mAP": 0.08140940982769439,
      "f1_at_05": 0.0,
      "f1_at_03": 0.007736312285020038,
      "f1_at_07": 0.0,
      "mAP": 0.022791094621350705,
      "loss": 0.004883253386255286
    }
  ],
  "epoch_3": [
    "../out/exp017_013_background_noise/fold0/checkpoints/train.4.pth",
    0.0014844267726971505,
    {
      "epoch_f1_at_05": 0.0014844267726971505,
      "epoch_f1_at_03": 0.037763688045994205,
      "epoch_f1_at_07": 7.952286282306163e-05,
      "epoch_mAP": 0.12663138027699103,
      "f1_at_05": 0.0014844267726971513,
      "f1_at_03": 0.03776368804599419,
      "f1_at_07": 7.952286282306163e-05,
      "mAP": 0.024286597909934877,
      "loss": 0.004623329727716047
    }
  ],
  "epoch_4": [
    "../out/exp017_013_background_noise/fold0/checkpoints/train.5.pth",
    0.0029741550695825047,
    {
      "epoch_f1_at_05": 0.0029741550695825047,
      "epoch_f1_at_03": 0.049304128608303556,
      "epoch_f1_at_07": 7.952286282306163e-05,
      "epoch_mAP": 0.1535733227102178,
      "f1_at_05": 0.002974155069582505,
      "f1_at_03": 0.049304128608303556,
      "f1_at_07": 7.952286282306163e-05,
      "mAP": 0.025527095057735975,
      "loss": 0.004479937459681014
    }
  ],
  "epoch_5": [
    "../out/exp017_013_background_noise/fold0/checkpoints/train.6.pth",
    0.0036447978793903244,
    {
      "epoch_f1_at_05": 0.0036447978793903244,
      "epoch_f1_at_03": 0.05190695807395609,
      "epoch_f1_at_07": 0.0,
      "epoch_mAP": 0.15628001381981768,
      "f1_at_05": 0.0036447978793903257,
      "f1_at_03": 0.05190695807395611,
      "f1_at_07": 0.0,
      "mAP": 0.025421878065338178,
      "loss": 0.004448054498931757
    }
  ],
  "epoch_6": [
    "../out/exp017_013_background_noise/fold0/checkpoints/train.7.pth",
    0.006931742876076871,
    {
      "epoch_f1_at_05": 0.006931742876076871,
      "epoch_f1_at_03": 0.07513671020828078,
      "epoch_f1_at_07": 0.00035785288270377734,
      "epoch_mAP": 0.17801615620813327,
      "f1_at_05": 0.006931742876076871,
      "f1_at_03": 0.07513671020828082,
      "f1_at_07": 0.0003578528827037771,
      "mAP": 0.026106720075366966,
      "loss": 0.004335507198531276
    }
  ],
  "epoch_7": [
    "../out/exp017_013_background_noise/fold0/checkpoints/train.8.pth",
    0.02067632301429518,
    {
      "epoch_f1_at_05": 0.02067632301429518,
      "epoch_f1_at_03": 0.13010003603641773,
      "epoch_f1_at_07": 0.0027037773359840952,
      "epoch_mAP": 0.2228041014048058,
      "f1_at_05": 0.020676323014295183,
      "f1_at_03": 0.13010003603641782,
      "f1_at_07": 0.0027037773359840952,
      "mAP": 0.02717257405001978,
      "loss": 0.004144170659836785
    }
  ],
  "epoch_8": [
    "../out/exp017_013_background_noise/fold0/checkpoints/train.9.pth",
    0.04507595695667266,
    {
      "epoch_f1_at_05": 0.04507595695667266,
      "epoch_f1_at_03": 0.17810372061647073,
      "epoch_f1_at_07": 0.007570576540755467,
      "epoch_mAP": 0.27597339042516605,
      "f1_at_05": 0.0450759569566727,
      "f1_at_03": 0.1781037206164708,
      "f1_at_07": 0.007570576540755469,
      "mAP": 0.028500458520795673,
      "loss": 0.004016814789629244
    }
  ],
  "epoch_9": [
    "../out/exp017_013_background_noise/fold0/checkpoints/train.10.pth",
    0.07581779740030237,
    {
      "epoch_f1_at_05": 0.07581779740030237,
      "epoch_f1_at_03": 0.23732658505620732,
      "epoch_f1_at_07": 0.011206286092966013,
      "epoch_mAP": 0.3388719962257692,
      "f1_at_05": 0.07581779740030238,
      "f1_at_03": 0.23732658505620738,
      "f1_at_07": 0.011206286092966004,
      "mAP": 0.031239200556801832,
      "loss": 0.0037763926825276906
    }
  ],
  "epoch_10": [
    "../out/exp017_013_background_noise/fold0/checkpoints/train.11.pth",
    0.09360042519883473,
    {
      "epoch_f1_at_05": 0.09360042519883473,
      "epoch_f1_at_03": 0.2543038565145921,
      "epoch_f1_at_07": 0.017465871438038433,
      "epoch_mAP": 0.350174406758493,
      "f1_at_05": 0.09360042519883469,
      "f1_at_03": 0.25430385651459203,
      "f1_at_07": 0.017465871438038433,
      "mAP": 0.031399752129804274,
      "loss": 0.0038040216962545795
    }
  ],
  "epoch_11": [
    "../out/exp017_013_background_noise/fold0/checkpoints/train.12.pth",
    0.14272802435029075,
    {
      "epoch_f1_at_05": 0.14272802435029075,
      "epoch_f1_at_03": 0.33702444429879824,
      "epoch_f1_at_07": 0.03578263750828363,
      "epoch_mAP": 0.4179291676196497,
      "f1_at_05": 0.1427280243502908,
      "f1_at_03": 0.337024444298798,
      "f1_at_07": 0.035782637508283636,
      "mAP": 0.033926690910932845,
      "loss": 0.003465674771014489
    }
  ],
  "epoch_12": [
    "../out/exp017_013_background_noise/fold0/checkpoints/train.13.pth",
    0.20707363323665512,
    {
      "epoch_f1_at_05": 0.20707363323665512,
      "epoch_f1_at_03": 0.414469634164099,
      "epoch_f1_at_07": 0.0680747262457004,
      "epoch_mAP": 0.46114901159565896,
      "f1_at_05": 0.2070736332366551,
      "f1_at_03": 0.41446963416409904,
      "f1_at_07": 0.06807472624570039,
      "mAP": 0.03438796434604133,
      "loss": 0.003302223184636643
    }
  ],
  "epoch_13": [
    "../out/exp017_013_background_noise/fold0/checkpoints/train.14.pth",
    0.2716099094190545,
    {
      "epoch_f1_at_05": 0.2716099094190545,
      "epoch_f1_at_03": 0.48195050359943975,
      "epoch_f1_at_07": 0.09562921461132198,
      "epoch_mAP": 0.5028692144454853,
      "f1_at_05": 0.2716099094190545,
      "f1_at_03": 0.4819505035994396,
      "f1_at_07": 0.09562921461132196,
      "mAP": 0.03718854049550293,
      "loss": 0.003046975829092339
    }
  ],
  "epoch_14": [
    "../out/exp017_013_background_noise/fold0/checkpoints/train.15.pth",
    0.31510651707470794,
    {
      "epoch_f1_at_05": 0.31510651707470794,
      "epoch_f1_at_03": 0.5244029240395316,
      "epoch_f1_at_07": 0.12490271645738843,
      "epoch_mAP": 0.5267990609538956,