{
  "best": {
    "epoch_f1_at_05": 0.0056548960207011886,
    "epoch_f1_at_03": 0.0725748441971106,
    "epoch_f1_at_07": 0.0002385685884691849,
    "epoch_mAP": 0.16281816222133524,
    "f1_at_05": 0.005654896020701191,
    "f1_at_03": 0.07257484419711059,
    "f1_at_07": 0.0002385685884691851,
    "mAP": 0.027009331361965132,
    "loss": 0.004430122305389128
  },
  "last": {
    "epoch_f1_at_05": 0.0056548960207011886,
    "epoch_f1_at_03": 0.0725748441971106,
    "epoch_f1_at_07": 0.0002385685884691849,
    "epoch_mAP": 0.16281816222133524,
    "f1_at_05": 0.005654896020701191,
    "f1_at_03": 0.07257484419711059,
    "f1_at_07": 0.0002385685884691851,
    "mAP": 0.027009331361965132,
    "loss": 0.004430122305389128
  },
  "train.4": {
    "epoch_f1_at_05": 0.0056548960207011886,
    "epoch_f1_at_03": 0.0725748441971106,
    "epoch_f1_at_07": 0.0002385685884691849,
    "epoch_mAP": 0.16281816222133524,
    "f1_at_05": 0.005654896020701191,
    "f1_at_03": 0.07257484419711059,
    "f1_at_07": 0.0002385685884691851,
    "mAP": 0.027009331361965132,
    "loss": 0.004430122305389128
  },
  "epoch_0": [
    "../out/exp030_029_5fold/fold3/checkpoints/train.1.pth",
    0.0,
    {
      "epoch_f1_at_05": 0.0,
      "epoch_f1_at_03": 0.0,
      "epoch_f1_at_07": 0.0,
      "epoch_mAP": 0.015472871249700934,
      "f1_at_05": 0.0,
      "f1_at_03": 0.0,
      "f1_at_07": 0.0,
      "mAP": 0.017384384372158442,
      "loss": 0.005554380608874389
    }
  ],
  "epoch_1": [
    "../out/exp030_029_5fold/fold3/checkpoints/train.2.pth",
    0.0,
    {
      "epoch_f1_at_05": 0.0,
      "epoch_f1_at_03": 0.0002650762094102054,
      "epoch_f1_at_07": 0.0,
      "epoch_mAP": 0.040963210373481065,
      "f1_at_05": 0.0,
      "f1_at_03": 0.00026507620941020553,
      "f1_at_07": 0.0,
      "mAP": 0.020717799969067998,
      "loss": 0.00516998273129788
    }
  ],
  "epoch_2": [
    "../out/exp030_029_5fold/fold3/checkpoints/train.3.pth",
    0.0009542743538767396,
    {
      "epoch_f1_at_05": 0.0009542743538767396,
      "epoch_f1_at_03": 0.02055230521632112,
      "epoch_f1_at_07": 0.0,
      "epoch_mAP": 0.10793616998042105,
      "f1_at_05": 0.0009542743538767404,
      "f1_at_03": 0.020552305216321103,
      "f1_at_07": 0.0,
      "mAP": 0.02557745435985449,
      "loss": 0.004707810644645459
    }
  ],
  "epoch_3": [
    "../out/exp030_029_5fold/fold3/checkpoints/train.4.pth",
    0.0056548960207011886,
    {
      "epoch_f1_at_05": 0.0056548960207011886,
      "epoch_f1_at_03": 0.0725748441971106,
      "epoch_f1_at_07": 0.0002385685884691849,
      "epoch_mAP": 0.16281816222133524,
      "f1_at_05": 0.005654896020701191,
      "f1_at_03": 0.07257484419711059,
      "f1_at_07": 0.0002385685884691851,
      "mAP": 0.027009331361965132,
      "loss": 0.004430122305389128
    }
  ],
  "train.5.exception_KeyboardInterrupt": {}
}