{"lr-Adam": 0.00034549150281252427, "_runtime": 49303, "_timestamp": 1620280630, "_step": 58949, "train_loss_step": 0.0035623277071863413, "train_f1_at_03_step": 0.7082238853425294, "train_f1_at_05_step": 0.49504977132095773, "epoch": 74, "train_loss_epoch": 0.003273138776421547, "train_f1_at_03_epoch": 0.7103778719902039, "train_f1_at_05_epoch": 0.5251635313034058, "val_loss_epoch": 0.0026425335090607405, "val_f1_at_03_epoch": 0.6863041520118713, "val_f1_at_05_epoch": 0.5868819952011108}